{
    "mens": {
        "tShirts": {
            "basic": {
                "img": "./media/images/Merch/mens/T-shirts/basic.jpg",
                "name": "basic",
                "price": "120 Kn"
            },
            "hockey": {
                "img": "./media/images/Merch/mens/T-shirts/hockey.jpg",
                "name": "hockey",
                "price": "120 Kn"
            }
        },
        "hoodies": {
            "legacy": {
                "img": "./media/images/Merch/mens/hoodies/legacy.jpg",
                "name": "legacy",
                "price": "120 Kn"
            },
            "logo": {
                "img": "./media/images/Merch/mens/hoodies/logo.jpg",
                "name": "hockey",
                "price": "120 Kn"
            }
        },

        "sweatpants": {
            "hockey": {
                "img": "./media/images/Merch/mens/sweatpants/hockey.jpg",
                "name": "hockey",
                "price": "120 Kn"
            },
            "logo": {
                "img": "./media/images/Merch/mens/sweatpants/logo.jpg",
                "name": "logo",
                "price": "120 Kn"
            }
        },

        "sweatshirts": {
            "nina": {
                "img": "./media/images/Merch/mens/sweatshirts/nina.jpg",
                "name": "nina",
                "price": "120 Kn"
            },
            "logo": {
                "img": "./media/images/Merch/mens/sweatshirts/logo.jpg",
                "name": "logo",
                "price": "120 Kn"
            }
        },

        "accessories": {
            "beanie": {
                "img": "./media/images/Merch/mens/accessories/beanie.jpg",
                "name": "beanie",
                "price": "120 Kn"
            },
            "tie": {
                "img": "./media/images/Merch/mens/accessories/tie.jpg",
                "name": "tie",
                "price": "120 Kn"
            }
        }
    },

    "womens": {
        "tShirts": {
            "basic": {
                "img": "./media/images/Merch/womens/T-shirts/basic.jpg",
                "name": "basic",
                "price": "120 Kn"
            },
            "logo": {
                "img": "./media/images/Merch/womens/T-shirts/logo.jpg",
                "name": "logo",
                "price": "120 Kn"
            }
        },
        "hoodies": {
            "legacy": {
                "img": "./media/images/Merch/womens/hoodies/legacy.jpg",
                "name": "legacy",
                "price": "120 Kn"
            },
            "retro": {
                "img": "./media/images/Merch/womens/hoodies/retro.jpg",
                "name": "retro",
                "price": "120 Kn"
            }
        },

        "sweatpants": {
            "hockey": {
                "img": "./media/images/Merch/womens/sweatpants/hockey.jpg",
                "name": "hockey",
                "price": "120 Kn"
            },
            "logo": {
                "img": "./media/images/Merch/womens/sweatpants/logo.jpg",
                "name": "logo",
                "price": "120 Kn"
            }
        },

        "sweatshirts": {
            "nina": {
                "img": "./media/images/Merch/womens/sweatshirts/nina.jpg",
                "name": "nina",
                "price": "120 Kn"
            },
            "logo": {
                "img": "./media/images/Merch/womens/sweatshirts/logo.jpg",
                "name": "logo",
                "price": "120 Kn"
            }
        },

        "accessories": {
            "beanie": {
                "img": "./media/images/Merch/womens/accessories/beanie.jpg",
                "name": "beanie",
                "price": "120 Kn"
            },
            "socks": {
                "img": "./media/images/Merch/womens/accessories/socks.jpg",
                "name": "socks",
                "price": "120 Kn"
            }
        }
    },

    "props": {
        "flag": {
            "img": "./media/images/Merch/props/flag.jpg",
            "name": "flag",
            "price": "120 Kn"
        },

        "logoHat": {
            "img": "./media/images/Merch/props/logo_hat.jpg",
            "name": "Logo Hat",
            "price": "120 Kn"
        }
    }
    
}